Type,Name,Request Count,Failure Count,Median Response Time,Average Response Time,Min Response Time,Max Response Time,Average Content Size,Requests/s,Failures/s,50%,66%,75%,80%,90%,95%,98%,99%,99.9%,99.99%,100%
GET,/,10502,9,140.0,207.49280209483922,2.0199000000502565,2676.5716999998403,84158.81574938107,27.277925777352163,0.023376626546959576,140,170,200,230,360,610,940,1200,2000,2400,2700
,Aggregated,10502,9,140.0,207.49280209483922,2.0199000000502565,2676.5716999998403,84158.81574938107,27.277925777352163,0.023376626546959576,140,170,200,230,360,610,940,1200,2000,2400,2700
