Type,Name,Request Count,Failure Count,Median Response Time,Average Response Time,Min Response Time,Max Response Time,Average Content Size,Requests/s,Failures/s,50%,66%,75%,80%,90%,95%,98%,99%,99.9%,99.99%,100%
GET,/,11428,0,490.0,443.91502481617954,42.33939998084679,2035.7006000122055,11589.757262863142,25.723123331573653,0.0,490,520,530,550,580,610,660,700,1500,1900,2000
,Aggregated,11428,0,490.0,443.91502481617954,42.33939998084679,2035.7006000122055,11589.757262863142,25.723123331573653,0.0,490,520,530,550,580,610,660,700,1500,1900,2000
