Type,Name,Request Count,Failure Count,Median Response Time,Average Response Time,Min Response Time,Max Response Time,Average Content Size,Requests/s,Failures/s,50%,66%,75%,80%,90%,95%,98%,99%,99.9%,99.99%,100%
GET,/,8101,6,110.0,197.9241805086754,2.96480004908517,3567.2140999813564,83959.7691643007,26.481266136288323,0.019613331294621644,110,130,140,160,260,580,1600,2100,2900,3600,3600
,Aggregated,8101,6,110.0,197.9241805086754,2.96480004908517,3567.2140999813564,83959.7691643007,26.481266136288323,0.019613331294621644,110,130,140,160,260,580,1600,2100,2900,3600,3600
